Timestamp,Action,Price,CA
2025-02-12 00:14:13,BUY,0.00067,F14hCmEKjcaXobNE2fMdRX9EcetC2oNuiZVjpce1iohE
2025-02-12 00:15:31,SELL,0.00025,AL7R5U91pmA67Pf4pUBVUsLgADZa9F2JdYUYnfjApump
2025-02-12 00:15:50,BUY,0.00076,F14hCmEKjcaXobNE2fMdRX9EcetC2oNuiZVjpce1iohE
2025-02-12 00:16:42,SELL,0.00089,F14hCmEKjcaXobNE2fMdRX9EcetC2oNuiZVjpce1iohE
2025-02-12 00:21:41,BUY,0.00059,F14hCmEKjcaXobNE2fMdRX9EcetC2oNuiZVjpce1iohE
2025-02-12 00:22:58,BUY,0.00045,F14hCmEKjcaXobNE2fMdRX9EcetC2oNuiZVjpce1iohE
2025-02-12 00:23:05,BUY,0.00045,F14hCmEKjcaXobNE2fMdRX9EcetC2oNuiZVjpce1iohE
2025-02-12 00:23:15,BUY,0.00044,F14hCmEKjcaXobNE2fMdRX9EcetC2oNuiZVjpce1iohE
2025-02-12 00:23:42,BUY,0.00039,F14hCmEKjcaXobNE2fMdRX9EcetC2oNuiZVjpce1iohE
2025-02-12 00:24:42,BUY,0.00036,F14hCmEKjcaXobNE2fMdRX9EcetC2oNuiZVjpce1iohE
2025-02-12 00:25:43,SELL,0.00039,F14hCmEKjcaXobNE2fMdRX9EcetC2oNuiZVjpce1iohE
2025-02-12 00:26:30,BUY,0.00032,F14hCmEKjcaXobNE2fMdRX9EcetC2oNuiZVjpce1iohE
2025-02-12 00:27:06,SELL,0.00032,F14hCmEKjcaXobNE2fMdRX9EcetC2oNuiZVjpce1iohE
2025-02-12 00:28:52,BUY,0.00044,F14hCmEKjcaXobNE2fMdRX9EcetC2oNuiZVjpce1iohE
2025-02-12 00:30:13,SELL,0.00046,F14hCmEKjcaXobNE2fMdRX9EcetC2oNuiZVjpce1iohE
2025-02-12 00:31:54,BUY,0.00072,8tBPaxhPgAzJNmpWkwpi5Svv367yRv49BhQzyvEbpump
2025-02-12 00:32:42,BUY,0.00061,8tBPaxhPgAzJNmpWkwpi5Svv367yRv49BhQzyvEbpump
2025-02-12 00:33:13,BUY,0.00041,8tBPaxhPgAzJNmpWkwpi5Svv367yRv49BhQzyvEbpump
2025-02-12 00:33:19,BUY,0.00036,8tBPaxhPgAzJNmpWkwpi5Svv367yRv49BhQzyvEbpump
2025-02-12 00:33:40,SELL,0.00045,8tBPaxhPgAzJNmpWkwpi5Svv367yRv49BhQzyvEbpump
2025-02-12 00:36:34,SELL,0.00075,8tBPaxhPgAzJNmpWkwpi5Svv367yRv49BhQzyvEbpump
2025-02-12 00:36:43,BUY,0.00081,8tBPaxhPgAzJNmpWkwpi5Svv367yRv49BhQzyvEbpump
2025-02-12 00:37:15,SELL,0.00079,8tBPaxhPgAzJNmpWkwpi5Svv367yRv49BhQzyvEbpump
2025-02-12 00:37:44,BUY,0.00064,8tBPaxhPgAzJNmpWkwpi5Svv367yRv49BhQzyvEbpump
2025-02-12 00:38:39,BUY,0.00039,F14hCmEKjcaXobNE2fMdRX9EcetC2oNuiZVjpce1iohE
2025-02-12 00:39:12,SELL,0.00223,8tBPaxhPgAzJNmpWkwpi5Svv367yRv49BhQzyvEbpump
2025-02-12 00:39:20,SELL,0.00242,8tBPaxhPgAzJNmpWkwpi5Svv367yRv49BhQzyvEbpump
2025-02-12 00:39:36,SELL,0.00037,8tBPaxhPgAzJNmpWkwpi5Svv367yRv49BhQzyvEbpump
2025-02-12 00:39:38,BUY,0.00037,F14hCmEKjcaXobNE2fMdRX9EcetC2oNuiZVjpce1iohE
2025-02-12 00:39:48,SELL,0.00137,8tBPaxhPgAzJNmpWkwpi5Svv367yRv49BhQzyvEbpump
2025-02-12 00:39:57,BUY,0.00178,8tBPaxhPgAzJNmpWkwpi5Svv367yRv49BhQzyvEbpump
2025-02-12 00:40:04,BUY,0.00185,8tBPaxhPgAzJNmpWkwpi5Svv367yRv49BhQzyvEbpump
2025-02-12 00:40:25,SELL,0.00211,8tBPaxhPgAzJNmpWkwpi5Svv367yRv49BhQzyvEbpump
2025-02-12 00:40:34,BUY,0.00318,8tBPaxhPgAzJNmpWkwpi5Svv367yRv49BhQzyvEbpump
2025-02-12 00:40:49,BUY,0.00255,8tBPaxhPgAzJNmpWkwpi5Svv367yRv49BhQzyvEbpump
2025-02-12 00:41:04,SELL,0.00238,8tBPaxhPgAzJNmpWkwpi5Svv367yRv49BhQzyvEbpump
2025-02-12 00:42:22,BUY,0.00186,8tBPaxhPgAzJNmpWkwpi5Svv367yRv49BhQzyvEbpump
2025-02-12 00:42:46,SELL,0.00132,8tBPaxhPgAzJNmpWkwpi5Svv367yRv49BhQzyvEbpump
2025-02-12 00:42:55,BUY,0.00145,8tBPaxhPgAzJNmpWkwpi5Svv367yRv49BhQzyvEbpump
2025-02-12 00:43:31,BUY,0.0015,8tBPaxhPgAzJNmpWkwpi5Svv367yRv49BhQzyvEbpump
2025-02-12 00:44:29,SELL,0.00138,8tBPaxhPgAzJNmpWkwpi5Svv367yRv49BhQzyvEbpump
2025-02-12 00:44:56,BUY,0.00193,8tBPaxhPgAzJNmpWkwpi5Svv367yRv49BhQzyvEbpump
2025-02-12 00:45:05,SELL,0.00185,8tBPaxhPgAzJNmpWkwpi5Svv367yRv49BhQzyvEbpump
2025-02-12 00:45:26,BUY,0.00034,8tBPaxhPgAzJNmpWkwpi5Svv367yRv49BhQzyvEbpump
2025-02-12 00:45:28,BUY,0.00034,F14hCmEKjcaXobNE2fMdRX9EcetC2oNuiZVjpce1iohE
2025-02-12 00:46:10,SELL,0.00133,8tBPaxhPgAzJNmpWkwpi5Svv367yRv49BhQzyvEbpump
2025-02-12 00:46:23,SELL,0.00136,8tBPaxhPgAzJNmpWkwpi5Svv367yRv49BhQzyvEbpump
2025-02-12 00:46:51,BUY,0.00152,8tBPaxhPgAzJNmpWkwpi5Svv367yRv49BhQzyvEbpump
2025-02-12 00:47:31,BUY,0.00174,8tBPaxhPgAzJNmpWkwpi5Svv367yRv49BhQzyvEbpump
2025-02-12 00:47:59,BUY,0.00144,8tBPaxhPgAzJNmpWkwpi5Svv367yRv49BhQzyvEbpump
2025-02-12 00:48:11,SELL,0.00095,8tBPaxhPgAzJNmpWkwpi5Svv367yRv49BhQzyvEbpump
2025-02-12 00:48:12,BUY,0.00095,8tBPaxhPgAzJNmpWkwpi5Svv367yRv49BhQzyvEbpump
2025-02-12 00:48:21,BUY,0.00105,8tBPaxhPgAzJNmpWkwpi5Svv367yRv49BhQzyvEbpump
2025-02-12 00:48:37,SELL,0.00089,8tBPaxhPgAzJNmpWkwpi5Svv367yRv49BhQzyvEbpump
2025-02-12 00:49:04,SELL,0.00091,8tBPaxhPgAzJNmpWkwpi5Svv367yRv49BhQzyvEbpump
2025-02-12 00:49:20,SELL,0.00097,8tBPaxhPgAzJNmpWkwpi5Svv367yRv49BhQzyvEbpump
2025-02-12 00:50:39,BUY,0.00066,8tBPaxhPgAzJNmpWkwpi5Svv367yRv49BhQzyvEbpump
2025-02-12 00:50:49,BUY,0.00034,F14hCmEKjcaXobNE2fMdRX9EcetC2oNuiZVjpce1iohE
2025-02-12 00:51:33,SELL,0.00065,8tBPaxhPgAzJNmpWkwpi5Svv367yRv49BhQzyvEbpump
2025-02-12 00:53:49,BUY,0.00012,Q5UqzubMK2hqoPtT44TbiQRAwy9s8Zaf2AFxpk8pump
2025-02-12 00:54:38,SELL,0.00011,Q5UqzubMK2hqoPtT44TbiQRAwy9s8Zaf2AFxpk8pump
2025-02-12 00:56:36,BUY,0.0,SFY7SxYhTc4E5ExGrgUgxiVZ3sqnfKnQ1x9UTWPpump
2025-02-12 00:56:40,BUY,0.00033,8tBPaxhPgAzJNmpWkwpi5Svv367yRv49BhQzyvEbpump
2025-02-12 00:57:21,BUY,0.00036,8tBPaxhPgAzJNmpWkwpi5Svv367yRv49BhQzyvEbpump
2025-02-12 00:58:32,SELL,0.0,SFY7SxYhTc4E5ExGrgUgxiVZ3sqnfKnQ1x9UTWPpump
2025-02-12 00:59:12,BUY,0.0,SFY7SxYhTc4E5ExGrgUgxiVZ3sqnfKnQ1x9UTWPpump
2025-02-12 01:00:08,SELL,0.0,SFY7SxYhTc4E5ExGrgUgxiVZ3sqnfKnQ1x9UTWPpump
2025-02-12 01:01:20,BUY,0.00028,8tBPaxhPgAzJNmpWkwpi5Svv367yRv49BhQzyvEbpump
2025-02-12 01:01:57,BUY,0.00016,8tBPaxhPgAzJNmpWkwpi5Svv367yRv49BhQzyvEbpump
2025-02-12 01:02:45,SELL,0.00018,8tBPaxhPgAzJNmpWkwpi5Svv367yRv49BhQzyvEbpump
2025-02-12 01:03:03,BUY,0.00017,8tBPaxhPgAzJNmpWkwpi5Svv367yRv49BhQzyvEbpump
2025-02-12 01:04:34,SELL,0.00015,8tBPaxhPgAzJNmpWkwpi5Svv367yRv49BhQzyvEbpump
2025-02-12 01:05:17,BUY,0.00015,8tBPaxhPgAzJNmpWkwpi5Svv367yRv49BhQzyvEbpump
2025-02-12 01:05:58,BUY,0.00015,8tBPaxhPgAzJNmpWkwpi5Svv367yRv49BhQzyvEbpump
2025-02-12 01:08:24,SELL,0.00016,8tBPaxhPgAzJNmpWkwpi5Svv367yRv49BhQzyvEbpump
2025-02-12 01:10:05,BUY,0.0,SFY7SxYhTc4E5ExGrgUgxiVZ3sqnfKnQ1x9UTWPpump
2025-02-12 01:11:52,SELL,0.0,SFY7SxYhTc4E5ExGrgUgxiVZ3sqnfKnQ1x9UTWPpump
2025-02-12 01:12:02,SELL,0.0,SFY7SxYhTc4E5ExGrgUgxiVZ3sqnfKnQ1x9UTWPpump
2025-02-12 01:19:04,BUY,0.00021,9PSRPhTMfY31LxZGEdmAmUS9rAFo68CBohMkAtsZY9BW
2025-02-12 01:19:23,BUY,0.00015,9PSRPhTMfY31LxZGEdmAmUS9rAFo68CBohMkAtsZY9BW
2025-02-12 01:19:46,SELL,0.00016,9PSRPhTMfY31LxZGEdmAmUS9rAFo68CBohMkAtsZY9BW
2025-02-12 01:20:46,BUY,0.00023,9PSRPhTMfY31LxZGEdmAmUS9rAFo68CBohMkAtsZY9BW
2025-02-12 01:21:02,SELL,0.00026,9PSRPhTMfY31LxZGEdmAmUS9rAFo68CBohMkAtsZY9BW
2025-02-12 01:21:13,SELL,0.0003,9PSRPhTMfY31LxZGEdmAmUS9rAFo68CBohMkAtsZY9BW
2025-02-12 01:21:23,SELL,0.00037,9PSRPhTMfY31LxZGEdmAmUS9rAFo68CBohMkAtsZY9BW
2025-02-12 01:21:46,BUY,0.00038,9PSRPhTMfY31LxZGEdmAmUS9rAFo68CBohMkAtsZY9BW
2025-02-12 01:21:56,SELL,0.00038,9PSRPhTMfY31LxZGEdmAmUS9rAFo68CBohMkAtsZY9BW
2025-02-12 01:22:03,SELL,0.00037,9PSRPhTMfY31LxZGEdmAmUS9rAFo68CBohMkAtsZY9BW
2025-02-12 01:22:34,SELL,0.00034,9PSRPhTMfY31LxZGEdmAmUS9rAFo68CBohMkAtsZY9BW
2025-02-12 01:23:02,BUY,0.00022,9PSRPhTMfY31LxZGEdmAmUS9rAFo68CBohMkAtsZY9BW
2025-02-12 01:23:04,BUY,0.00022,CHCPoFYSpy1FN3gDQe2apFtHv2yPmNimY3S33ntCpump
2025-02-12 01:23:08,BUY,0.00065,9PSRPhTMfY31LxZGEdmAmUS9rAFo68CBohMkAtsZY9BW
2025-02-12 01:23:15,SELL,0.00065,9PSRPhTMfY31LxZGEdmAmUS9rAFo68CBohMkAtsZY9BW
2025-02-12 01:24:21,SELL,0.00062,9PSRPhTMfY31LxZGEdmAmUS9rAFo68CBohMkAtsZY9BW
2025-02-12 01:25:41,SELL,0.0,CHCPoFYSpy1FN3gDQe2apFtHv2yPmNimY3S33ntCpump
2025-02-12 01:26:02,SELL,0.00039,9PSRPhTMfY31LxZGEdmAmUS9rAFo68CBohMkAtsZY9BW
2025-02-12 01:28:15,BUY,0.00027,9PSRPhTMfY31LxZGEdmAmUS9rAFo68CBohMkAtsZY9BW
2025-02-12 01:28:32,SELL,0.00028,9PSRPhTMfY31LxZGEdmAmUS9rAFo68CBohMkAtsZY9BW
2025-02-12 01:29:46,SELL,0.00029,9PSRPhTMfY31LxZGEdmAmUS9rAFo68CBohMkAtsZY9BW
2025-02-12 01:30:54,BUY,0.00033,9PSRPhTMfY31LxZGEdmAmUS9rAFo68CBohMkAtsZY9BW
2025-02-12 01:32:19,BUY,0.0002,9PSRPhTMfY31LxZGEdmAmUS9rAFo68CBohMkAtsZY9BW
2025-02-12 01:32:55,SELL,0.00041,9PSRPhTMfY31LxZGEdmAmUS9rAFo68CBohMkAtsZY9BW
2025-02-12 01:34:04,BUY,0.00042,9PSRPhTMfY31LxZGEdmAmUS9rAFo68CBohMkAtsZY9BW
2025-02-12 01:34:51,SELL,0.00052,9PSRPhTMfY31LxZGEdmAmUS9rAFo68CBohMkAtsZY9BW
2025-02-12 01:35:45,SELL,0.00059,9PSRPhTMfY31LxZGEdmAmUS9rAFo68CBohMkAtsZY9BW
2025-02-12 01:36:03,SELL,0.00055,9PSRPhTMfY31LxZGEdmAmUS9rAFo68CBohMkAtsZY9BW
2025-02-12 01:36:52,BUY,0.00061,9PSRPhTMfY31LxZGEdmAmUS9rAFo68CBohMkAtsZY9BW
2025-02-12 01:36:53,BUY,0.00061,9PSRPhTMfY31LxZGEdmAmUS9rAFo68CBohMkAtsZY9BW
2025-02-12 01:43:45,BUY,0.00053,9PSRPhTMfY31LxZGEdmAmUS9rAFo68CBohMkAtsZY9BW
2025-02-12 01:47:09,SELL,0.00038,9PSRPhTMfY31LxZGEdmAmUS9rAFo68CBohMkAtsZY9BW
2025-02-12 01:48:08,BUY,0.00038,9PSRPhTMfY31LxZGEdmAmUS9rAFo68CBohMkAtsZY9BW
2025-02-12 01:55:41,BUY,0.00027,9PSRPhTMfY31LxZGEdmAmUS9rAFo68CBohMkAtsZY9BW
2025-02-12 01:58:00,SELL,0.00033,9PSRPhTMfY31LxZGEdmAmUS9rAFo68CBohMkAtsZY9BW
2025-02-12 02:23:15,SELL,0.00018,9PSRPhTMfY31LxZGEdmAmUS9rAFo68CBohMkAtsZY9BW
2025-02-12 02:45:06,BUY,0.0,HGwxPoPFKxveH9qA8A8L6tiQUEFwmDhuSxjcjBDpRz6b
2025-02-12 02:48:35,SELL,0.0,HGwxPoPFKxveH9qA8A8L6tiQUEFwmDhuSxjcjBDpRz6b
2025-02-12 02:50:22,BUY,0.0,7Pysq34YHx2spjRVAKXU6TiJTPmpkmiToYAsnaMdHNob
2025-02-12 02:55:00,SELL,0.0,7Pysq34YHx2spjRVAKXU6TiJTPmpkmiToYAsnaMdHNob
2025-02-12 02:55:38,BUY,0.0,HGwxPoPFKxveH9qA8A8L6tiQUEFwmDhuSxjcjBDpRz6b
2025-02-12 03:00:04,BUY,0.00058,F14hCmEKjcaXobNE2fMdRX9EcetC2oNuiZVjpce1iohE
2025-02-12 03:00:10,BUY,0.0005,F14hCmEKjcaXobNE2fMdRX9EcetC2oNuiZVjpce1iohE
2025-02-12 03:00:18,BUY,0.00049,F14hCmEKjcaXobNE2fMdRX9EcetC2oNuiZVjpce1iohE
2025-02-12 03:04:24,SELL,0.00029,F14hCmEKjcaXobNE2fMdRX9EcetC2oNuiZVjpce1iohE
2025-02-12 03:06:29,SELL,0.00026,F14hCmEKjcaXobNE2fMdRX9EcetC2oNuiZVjpce1iohE
2025-02-12 03:20:30,BUY,0.0002,2zgRYw8ksB9iANCQY72YR1yDXv7oBYcjxBug5zTCpump
2025-02-12 03:21:54,BUY,0.00019,2zgRYw8ksB9iANCQY72YR1yDXv7oBYcjxBug5zTCpump
2025-02-12 03:24:56,BUY,0.00017,2zgRYw8ksB9iANCQY72YR1yDXv7oBYcjxBug5zTCpump
2025-02-12 03:25:02,BUY,0.00017,2zgRYw8ksB9iANCQY72YR1yDXv7oBYcjxBug5zTCpump
2025-02-12 03:25:19,BUY,0.00017,2zgRYw8ksB9iANCQY72YR1yDXv7oBYcjxBug5zTCpump
2025-02-12 03:25:54,BUY,0.00014,2zgRYw8ksB9iANCQY72YR1yDXv7oBYcjxBug5zTCpump
2025-02-12 03:26:52,SELL,0.00013,2zgRYw8ksB9iANCQY72YR1yDXv7oBYcjxBug5zTCpump
2025-02-12 03:26:58,BUY,0.00013,2zgRYw8ksB9iANCQY72YR1yDXv7oBYcjxBug5zTCpump
2025-02-12 03:27:18,BUY,0.00121,KFTSxPQxDV1wGjEvzKHWD7mG6e9TsMVq4eF4mQppump
2025-02-12 03:27:39,SELL,0.00014,2zgRYw8ksB9iANCQY72YR1yDXv7oBYcjxBug5zTCpump
2025-02-12 03:28:24,SELL,0.00013,2zgRYw8ksB9iANCQY72YR1yDXv7oBYcjxBug5zTCpump
2025-02-12 03:28:32,BUY,0.00014,2zgRYw8ksB9iANCQY72YR1yDXv7oBYcjxBug5zTCpump
2025-02-12 03:28:40,BUY,0,7eLz7uTp7NX9PuRvEzV3atQTy3H57Bre78kTcufhvirt
2025-02-12 03:28:54,SELL,0.00015,2zgRYw8ksB9iANCQY72YR1yDXv7oBYcjxBug5zTCpump
2025-02-12 03:28:59,BUY,0.00137,KFTSxPQxDV1wGjEvzKHWD7mG6e9TsMVq4eF4mQppump
2025-02-12 03:29:18,BUY,0,7eLz7uTp7NX9PuRvEzV3atQTy3H57Bre78kTcufhvirt
2025-02-12 03:29:31,SELL,0.00119,KFTSxPQxDV1wGjEvzKHWD7mG6e9TsMVq4eF4mQppump
2025-02-12 03:30:56,BUY,0.00782,7eLz7uTp7NX9PuRvEzV3atQTy3H57Bre78kTcufhvirt
2025-02-12 03:31:21,BUY,0.00094,KFTSxPQxDV1wGjEvzKHWD7mG6e9TsMVq4eF4mQppump
2025-02-12 03:31:55,BUY,0.00098,KFTSxPQxDV1wGjEvzKHWD7mG6e9TsMVq4eF4mQppump
2025-02-12 03:32:30,BUY,0.00059,7eLz7uTp7NX9PuRvEzV3atQTy3H57Bre78kTcufhvirt
2025-02-12 03:32:32,SELL,0.00059,KFTSxPQxDV1wGjEvzKHWD7mG6e9TsMVq4eF4mQppump
2025-02-12 03:32:47,SELL,0.00069,7eLz7uTp7NX9PuRvEzV3atQTy3H57Bre78kTcufhvirt
2025-02-12 03:32:48,BUY,0.00069,KFTSxPQxDV1wGjEvzKHWD7mG6e9TsMVq4eF4mQppump
2025-02-12 03:32:52,SELL,0.00016,2zgRYw8ksB9iANCQY72YR1yDXv7oBYcjxBug5zTCpump
2025-02-12 03:32:58,BUY,0.00016,2zgRYw8ksB9iANCQY72YR1yDXv7oBYcjxBug5zTCpump
2025-02-12 03:33:25,SELL,0.00764,7eLz7uTp7NX9PuRvEzV3atQTy3H57Bre78kTcufhvirt
2025-02-12 03:34:15,SELL,0.00575,7eLz7uTp7NX9PuRvEzV3atQTy3H57Bre78kTcufhvirt
2025-02-12 03:34:57,BUY,0.00513,7eLz7uTp7NX9PuRvEzV3atQTy3H57Bre78kTcufhvirt
2025-02-12 03:35:21,SELL,0.00412,7eLz7uTp7NX9PuRvEzV3atQTy3H57Bre78kTcufhvirt
2025-02-12 03:35:54,BUY,0.00466,7eLz7uTp7NX9PuRvEzV3atQTy3H57Bre78kTcufhvirt
2025-02-12 03:37:07,SELL,0.00013,2zgRYw8ksB9iANCQY72YR1yDXv7oBYcjxBug5zTCpump
2025-02-12 03:38:04,SELL,0.00443,7eLz7uTp7NX9PuRvEzV3atQTy3H57Bre78kTcufhvirt
2025-02-12 03:38:05,BUY,0.00443,7eLz7uTp7NX9PuRvEzV3atQTy3H57Bre78kTcufhvirt
2025-02-12 03:38:19,SELL,0.00443,7eLz7uTp7NX9PuRvEzV3atQTy3H57Bre78kTcufhvirt
2025-02-12 03:38:27,SELL,0.00454,7eLz7uTp7NX9PuRvEzV3atQTy3H57Bre78kTcufhvirt
2025-02-12 03:39:17,BUY,0.00346,7eLz7uTp7NX9PuRvEzV3atQTy3H57Bre78kTcufhvirt
2025-02-12 03:39:26,SELL,0.00306,7eLz7uTp7NX9PuRvEzV3atQTy3H57Bre78kTcufhvirt
2025-02-12 03:39:56,SELL,0.00213,7eLz7uTp7NX9PuRvEzV3atQTy3H57Bre78kTcufhvirt
2025-02-12 03:40:05,SELL,0.00025,KFTSxPQxDV1wGjEvzKHWD7mG6e9TsMVq4eF4mQppump
2025-02-12 03:41:53,BUY,0.00025,KFTSxPQxDV1wGjEvzKHWD7mG6e9TsMVq4eF4mQppump
2025-02-12 03:42:24,BUY,0.00044,2yyddFFf8YRDKTgKkrFPdRpnt8gohrWTPa7kqZYU1VW7
2025-02-12 03:42:30,SELL,0.00017,KFTSxPQxDV1wGjEvzKHWD7mG6e9TsMVq4eF4mQppump
2025-02-12 03:42:36,SELL,1.3747,3iQL8BFS2vE7mww4ehAqQHAsbmRNCrPxizWAT2Zfyr9y
2025-02-12 03:42:46,BUY,0.00066,2yyddFFf8YRDKTgKkrFPdRpnt8gohrWTPa7kqZYU1VW7
2025-02-12 03:43:25,BUY,0.00063,2yyddFFf8YRDKTgKkrFPdRpnt8gohrWTPa7kqZYU1VW7
2025-02-12 03:44:56,SELL,0.00097,2yyddFFf8YRDKTgKkrFPdRpnt8gohrWTPa7kqZYU1VW7
2025-02-12 03:45:05,SELL,0.00085,2yyddFFf8YRDKTgKkrFPdRpnt8gohrWTPa7kqZYU1VW7
2025-02-12 03:45:17,SELL,0.00073,2yyddFFf8YRDKTgKkrFPdRpnt8gohrWTPa7kqZYU1VW7
2025-02-12 03:45:46,BUY,0.00093,2yyddFFf8YRDKTgKkrFPdRpnt8gohrWTPa7kqZYU1VW7
2025-02-12 03:45:48,BUY,0.00093,2yyddFFf8YRDKTgKkrFPdRpnt8gohrWTPa7kqZYU1VW7
2025-02-12 03:46:02,BUY,0.00082,2yyddFFf8YRDKTgKkrFPdRpnt8gohrWTPa7kqZYU1VW7
2025-02-12 03:46:11,BUY,0.00058,2yyddFFf8YRDKTgKkrFPdRpnt8gohrWTPa7kqZYU1VW7
2025-02-12 03:46:19,BUY,0.0006,2yyddFFf8YRDKTgKkrFPdRpnt8gohrWTPa7kqZYU1VW7
2025-02-12 03:46:24,BUY,0.00065,2yyddFFf8YRDKTgKkrFPdRpnt8gohrWTPa7kqZYU1VW7
2025-02-12 03:46:35,SELL,0.00084,2yyddFFf8YRDKTgKkrFPdRpnt8gohrWTPa7kqZYU1VW7
2025-02-12 03:46:37,SELL,0.00084,2yyddFFf8YRDKTgKkrFPdRpnt8gohrWTPa7kqZYU1VW7
2025-02-12 03:46:44,SELL,0.00088,2yyddFFf8YRDKTgKkrFPdRpnt8gohrWTPa7kqZYU1VW7
2025-02-12 03:47:33,BUY,0.00081,2yyddFFf8YRDKTgKkrFPdRpnt8gohrWTPa7kqZYU1VW7
2025-02-12 03:48:34,SELL,0.00245,7eLz7uTp7NX9PuRvEzV3atQTy3H57Bre78kTcufhvirt
2025-02-12 03:49:49,BUY,0.00069,2yyddFFf8YRDKTgKkrFPdRpnt8gohrWTPa7kqZYU1VW7
2025-02-12 03:51:58,SELL,0.00058,2yyddFFf8YRDKTgKkrFPdRpnt8gohrWTPa7kqZYU1VW7
2025-02-12 03:52:10,SELL,0.00123,7eLz7uTp7NX9PuRvEzV3atQTy3H57Bre78kTcufhvirt
2025-02-12 03:53:02,BUY,0.00055,2yyddFFf8YRDKTgKkrFPdRpnt8gohrWTPa7kqZYU1VW7
2025-02-12 03:53:15,SELL,0.00065,2yyddFFf8YRDKTgKkrFPdRpnt8gohrWTPa7kqZYU1VW7
2025-02-12 03:53:29,BUY,0.00191,7eLz7uTp7NX9PuRvEzV3atQTy3H57Bre78kTcufhvirt
2025-02-12 03:58:12,BUY,1.37484,3iQL8BFS2vE7mww4ehAqQHAsbmRNCrPxizWAT2Zfyr9y
2025-02-12 03:58:33,BUY,1.35146,3iQL8BFS2vE7mww4ehAqQHAsbmRNCrPxizWAT2Zfyr9y
2025-02-12 04:02:16,BUY,0.00076,2yyddFFf8YRDKTgKkrFPdRpnt8gohrWTPa7kqZYU1VW7
2025-02-12 04:02:31,BUY,0.00076,2yyddFFf8YRDKTgKkrFPdRpnt8gohrWTPa7kqZYU1VW7
2025-02-12 04:03:10,BUY,0.00336,7eLz7uTp7NX9PuRvEzV3atQTy3H57Bre78kTcufhvirt
2025-02-12 04:03:28,SELL,0.0006,2yyddFFf8YRDKTgKkrFPdRpnt8gohrWTPa7kqZYU1VW7
2025-02-12 04:05:21,BUY,0.00054,8Xi2bk7ooBCCNHmqTks7vbjAqJ5xHPw91aYadV27pump
2025-02-12 04:05:22,BUY,0.00054,8Xi2bk7ooBCCNHmqTks7vbjAqJ5xHPw91aYadV27pump
2025-02-12 04:06:32,SELL,0.00297,7eLz7uTp7NX9PuRvEzV3atQTy3H57Bre78kTcufhvirt
2025-02-12 04:07:53,BUY,0.00048,8Xi2bk7ooBCCNHmqTks7vbjAqJ5xHPw91aYadV27pump
2025-02-12 04:09:29,BUY,0.00034,2yyddFFf8YRDKTgKkrFPdRpnt8gohrWTPa7kqZYU1VW7
2025-02-12 04:09:37,SELL,0.00032,2yyddFFf8YRDKTgKkrFPdRpnt8gohrWTPa7kqZYU1VW7
2025-02-12 04:11:06,SELL,0.00312,7eLz7uTp7NX9PuRvEzV3atQTy3H57Bre78kTcufhvirt
2025-02-12 04:12:40,BUY,0.00054,8Xi2bk7ooBCCNHmqTks7vbjAqJ5xHPw91aYadV27pump
2025-02-12 04:13:29,BUY,0.00021,2yyddFFf8YRDKTgKkrFPdRpnt8gohrWTPa7kqZYU1VW7
2025-02-12 04:13:31,BUY,0.00021,2yyddFFf8YRDKTgKkrFPdRpnt8gohrWTPa7kqZYU1VW7
2025-02-12 04:13:57,BUY,0.00018,2yyddFFf8YRDKTgKkrFPdRpnt8gohrWTPa7kqZYU1VW7
2025-02-12 04:14:17,SELL,0.00021,2yyddFFf8YRDKTgKkrFPdRpnt8gohrWTPa7kqZYU1VW7
2025-02-12 04:16:04,SELL,0.00023,2yyddFFf8YRDKTgKkrFPdRpnt8gohrWTPa7kqZYU1VW7
2025-02-12 04:17:10,BUY,0.00042,8Xi2bk7ooBCCNHmqTks7vbjAqJ5xHPw91aYadV27pump
2025-02-12 04:21:00,SELL,0.00039,8Xi2bk7ooBCCNHmqTks7vbjAqJ5xHPw91aYadV27pump
2025-02-12 04:21:10,BUY,0.00068,KFTSxPQxDV1wGjEvzKHWD7mG6e9TsMVq4eF4mQppump
2025-02-12 04:27:49,BUY,0.0004,8Xi2bk7ooBCCNHmqTks7vbjAqJ5xHPw91aYadV27pump
2025-02-12 04:28:28,BUY,1.42392,3iQL8BFS2vE7mww4ehAqQHAsbmRNCrPxizWAT2Zfyr9y
2025-02-12 04:28:44,BUY,1.42292,3iQL8BFS2vE7mww4ehAqQHAsbmRNCrPxizWAT2Zfyr9y
2025-02-12 04:29:06,BUY,1.40003,3iQL8BFS2vE7mww4ehAqQHAsbmRNCrPxizWAT2Zfyr9y
2025-02-12 04:31:30,SELL,0.00039,8Xi2bk7ooBCCNHmqTks7vbjAqJ5xHPw91aYadV27pump
2025-02-12 04:31:45,SELL,0.00042,KFTSxPQxDV1wGjEvzKHWD7mG6e9TsMVq4eF4mQppump
2025-02-12 04:31:47,BUY,0.00042,8Xi2bk7ooBCCNHmqTks7vbjAqJ5xHPw91aYadV27pump
2025-02-12 04:31:52,SELL,0.00039,8Xi2bk7ooBCCNHmqTks7vbjAqJ5xHPw91aYadV27pump
2025-02-12 04:31:57,SELL,0.0014,KFTSxPQxDV1wGjEvzKHWD7mG6e9TsMVq4eF4mQppump
2025-02-12 04:32:20,SELL,1.43676,KFTSxPQxDV1wGjEvzKHWD7mG6e9TsMVq4eF4mQppump
2025-02-12 04:32:21,BUY,1.43676,3iQL8BFS2vE7mww4ehAqQHAsbmRNCrPxizWAT2Zfyr9y
2025-02-12 04:32:31,BUY,1.43849,3iQL8BFS2vE7mww4ehAqQHAsbmRNCrPxizWAT2Zfyr9y
2025-02-12 04:32:41,SELL,0.00164,KFTSxPQxDV1wGjEvzKHWD7mG6e9TsMVq4eF4mQppump
2025-02-12 04:35:36,BUY,1.43201,3iQL8BFS2vE7mww4ehAqQHAsbmRNCrPxizWAT2Zfyr9y
2025-02-12 04:37:49,SELL,0.00035,8Xi2bk7ooBCCNHmqTks7vbjAqJ5xHPw91aYadV27pump
2025-02-12 04:38:59,BUY,0.00034,2yyddFFf8YRDKTgKkrFPdRpnt8gohrWTPa7kqZYU1VW7
2025-02-12 04:39:09,SELL,0.00181,KFTSxPQxDV1wGjEvzKHWD7mG6e9TsMVq4eF4mQppump
2025-02-12 04:39:17,BUY,0.00186,2yyddFFf8YRDKTgKkrFPdRpnt8gohrWTPa7kqZYU1VW7
2025-02-12 04:39:18,SELL,0.00186,KFTSxPQxDV1wGjEvzKHWD7mG6e9TsMVq4eF4mQppump
2025-02-12 04:40:20,SELL,0.00036,2yyddFFf8YRDKTgKkrFPdRpnt8gohrWTPa7kqZYU1VW7
2025-02-12 04:41:25,BUY,0.00027,2yyddFFf8YRDKTgKkrFPdRpnt8gohrWTPa7kqZYU1VW7
2025-02-12 04:41:55,BUY,0.00029,2yyddFFf8YRDKTgKkrFPdRpnt8gohrWTPa7kqZYU1VW7
2025-02-12 04:43:51,BUY,0.00024,2yyddFFf8YRDKTgKkrFPdRpnt8gohrWTPa7kqZYU1VW7
2025-02-12 04:45:54,BUY,0.00272,KFTSxPQxDV1wGjEvzKHWD7mG6e9TsMVq4eF4mQppump
2025-02-12 04:46:23,BUY,1.39999,3iQL8BFS2vE7mww4ehAqQHAsbmRNCrPxizWAT2Zfyr9y
2025-02-12 04:47:10,BUY,0.00298,KFTSxPQxDV1wGjEvzKHWD7mG6e9TsMVq4eF4mQppump
2025-02-12 04:52:16,SELL,0.00079,8Xi2bk7ooBCCNHmqTks7vbjAqJ5xHPw91aYadV27pump
2025-02-12 04:52:58,SELL,0.00063,8Xi2bk7ooBCCNHmqTks7vbjAqJ5xHPw91aYadV27pump
2025-02-12 04:56:16,SELL,0.00052,8Xi2bk7ooBCCNHmqTks7vbjAqJ5xHPw91aYadV27pump
2025-02-12 04:58:03,BUY,0.00074,8Xi2bk7ooBCCNHmqTks7vbjAqJ5xHPw91aYadV27pump
2025-02-12 04:58:40,BUY,0.00101,8Xi2bk7ooBCCNHmqTks7vbjAqJ5xHPw91aYadV27pump
2025-02-12 04:59:01,BUY,0.00088,8Xi2bk7ooBCCNHmqTks7vbjAqJ5xHPw91aYadV27pump
2025-02-12 04:59:13,BUY,0.00093,8Xi2bk7ooBCCNHmqTks7vbjAqJ5xHPw91aYadV27pump
2025-02-12 04:59:43,SELL,0.00086,8Xi2bk7ooBCCNHmqTks7vbjAqJ5xHPw91aYadV27pump
2025-02-12 05:00:49,BUY,0.00065,8Xi2bk7ooBCCNHmqTks7vbjAqJ5xHPw91aYadV27pump
2025-02-12 05:01:26,BUY,0.0,HBxzGZqQkhvzk6rGbUBGo472XLbdJad7514C2mmUpump
2025-02-12 05:01:43,SELL,0.00058,8Xi2bk7ooBCCNHmqTks7vbjAqJ5xHPw91aYadV27pump
2025-02-12 05:01:51,BUY,1.3829,3iQL8BFS2vE7mww4ehAqQHAsbmRNCrPxizWAT2Zfyr9y
2025-02-12 05:02:30,BUY,0.0,HBxzGZqQkhvzk6rGbUBGo472XLbdJad7514C2mmUpump
2025-02-12 05:02:49,SELL,0.0,HBxzGZqQkhvzk6rGbUBGo472XLbdJad7514C2mmUpump
2025-02-12 05:03:06,BUY,0.0,HBxzGZqQkhvzk6rGbUBGo472XLbdJad7514C2mmUpump
2025-02-12 05:05:00,BUY,0.0,HBxzGZqQkhvzk6rGbUBGo472XLbdJad7514C2mmUpump
2025-02-12 05:05:08,SELL,0.0,HBxzGZqQkhvzk6rGbUBGo472XLbdJad7514C2mmUpump
2025-02-12 05:05:12,SELL,0.0,HBxzGZqQkhvzk6rGbUBGo472XLbdJad7514C2mmUpump
2025-02-12 05:05:15,BUY,0.0,HBxzGZqQkhvzk6rGbUBGo472XLbdJad7514C2mmUpump
2025-02-12 05:05:34,SELL,0.0,HBxzGZqQkhvzk6rGbUBGo472XLbdJad7514C2mmUpump
2025-02-12 05:05:40,SELL,0.0,HBxzGZqQkhvzk6rGbUBGo472XLbdJad7514C2mmUpump
2025-02-12 05:05:47,SELL,0.0,HBxzGZqQkhvzk6rGbUBGo472XLbdJad7514C2mmUpump
2025-02-12 05:06:28,SELL,0.0,8Xi2bk7ooBCCNHmqTks7vbjAqJ5xHPw91aYadV27pump
2025-02-12 05:06:30,SELL,0.0,HBxzGZqQkhvzk6rGbUBGo472XLbdJad7514C2mmUpump
2025-02-12 05:06:33,BUY,0.0,HBxzGZqQkhvzk6rGbUBGo472XLbdJad7514C2mmUpump
2025-02-12 05:07:05,SELL,0.0,HBxzGZqQkhvzk6rGbUBGo472XLbdJad7514C2mmUpump
2025-02-12 05:08:05,BUY,0.0,HBxzGZqQkhvzk6rGbUBGo472XLbdJad7514C2mmUpump
2025-02-12 05:09:03,SELL,0.0,HBxzGZqQkhvzk6rGbUBGo472XLbdJad7514C2mmUpump
2025-02-12 05:09:24,SELL,0.0,HBxzGZqQkhvzk6rGbUBGo472XLbdJad7514C2mmUpump
2025-02-12 05:10:29,BUY,0.0,AuWjAinLXE3RTcomdvCcpyPwhsXAaM8XHFbepvmrpump
2025-02-12 05:10:43,BUY,0.0,HBxzGZqQkhvzk6rGbUBGo472XLbdJad7514C2mmUpump
2025-02-12 05:10:56,BUY,0.0,HBxzGZqQkhvzk6rGbUBGo472XLbdJad7514C2mmUpump
2025-02-12 05:11:16,SELL,0.00046,8Xi2bk7ooBCCNHmqTks7vbjAqJ5xHPw91aYadV27pump
2025-02-12 05:11:57,SELL,0.0,HBxzGZqQkhvzk6rGbUBGo472XLbdJad7514C2mmUpump
2025-02-12 05:13:06,BUY,0.0,HBxzGZqQkhvzk6rGbUBGo472XLbdJad7514C2mmUpump
2025-02-12 05:13:53,BUY,0.0,HBxzGZqQkhvzk6rGbUBGo472XLbdJad7514C2mmUpump
2025-02-12 05:14:24,SELL,0.0,HBxzGZqQkhvzk6rGbUBGo472XLbdJad7514C2mmUpump
2025-02-12 05:19:19,BUY,0.0,HBxzGZqQkhvzk6rGbUBGo472XLbdJad7514C2mmUpump
2025-02-12 05:21:02,SELL,0.00012,HBxzGZqQkhvzk6rGbUBGo472XLbdJad7514C2mmUpump
2025-02-12 05:21:14,SELL,0.00034,8Xi2bk7ooBCCNHmqTks7vbjAqJ5xHPw91aYadV27pump
2025-02-12 05:21:15,SELL,0.00014,8Xi2bk7ooBCCNHmqTks7vbjAqJ5xHPw91aYadV27pump
2025-02-12 05:21:17,SELL,0.00014,HBxzGZqQkhvzk6rGbUBGo472XLbdJad7514C2mmUpump
2025-02-12 05:21:28,SELL,0.00011,HBxzGZqQkhvzk6rGbUBGo472XLbdJad7514C2mmUpump
2025-02-12 05:22:04,SELL,0.00015,HBxzGZqQkhvzk6rGbUBGo472XLbdJad7514C2mmUpump
2025-02-12 05:25:22,BUY,0.0,HBxzGZqQkhvzk6rGbUBGo472XLbdJad7514C2mmUpump
2025-02-12 05:25:41,SELL,0.0,HBxzGZqQkhvzk6rGbUBGo472XLbdJad7514C2mmUpump
2025-02-12 05:25:50,SELL,0.0,HBxzGZqQkhvzk6rGbUBGo472XLbdJad7514C2mmUpump
2025-02-12 05:29:34,SELL,0.0,HBxzGZqQkhvzk6rGbUBGo472XLbdJad7514C2mmUpump
2025-02-12 05:33:22,BUY,0.00053,Dx8J2ePaQpyQL9vdjquxbP4iUW3azRzC2SG4ZxU7pump
2025-02-12 05:34:04,BUY,0.00042,Dx8J2ePaQpyQL9vdjquxbP4iUW3azRzC2SG4ZxU7pump
2025-02-12 05:34:49,BUY,0.0,HBxzGZqQkhvzk6rGbUBGo472XLbdJad7514C2mmUpump
2025-02-12 05:35:11,SELL,0.00031,Dx8J2ePaQpyQL9vdjquxbP4iUW3azRzC2SG4ZxU7pump
2025-02-12 05:35:39,BUY,0.00034,Dx8J2ePaQpyQL9vdjquxbP4iUW3azRzC2SG4ZxU7pump
2025-02-12 05:36:03,BUY,0.00026,Dx8J2ePaQpyQL9vdjquxbP4iUW3azRzC2SG4ZxU7pump
2025-02-12 05:39:10,BUY,0.00048,Dx8J2ePaQpyQL9vdjquxbP4iUW3azRzC2SG4ZxU7pump
2025-02-12 05:40:10,SELL,0.00036,Dx8J2ePaQpyQL9vdjquxbP4iUW3azRzC2SG4ZxU7pump
2025-02-12 05:41:17,SELL,0.00037,Dx8J2ePaQpyQL9vdjquxbP4iUW3azRzC2SG4ZxU7pump
2025-02-12 05:42:36,SELL,0.00046,Dx8J2ePaQpyQL9vdjquxbP4iUW3azRzC2SG4ZxU7pump
2025-02-12 05:42:57,SELL,0.0,HBxzGZqQkhvzk6rGbUBGo472XLbdJad7514C2mmUpump
2025-02-12 05:43:21,BUY,0.00048,Dx8J2ePaQpyQL9vdjquxbP4iUW3azRzC2SG4ZxU7pump
2025-02-12 05:43:25,BUY,0.00051,Dx8J2ePaQpyQL9vdjquxbP4iUW3azRzC2SG4ZxU7pump
2025-02-12 05:44:21,BUY,0.00046,Dx8J2ePaQpyQL9vdjquxbP4iUW3azRzC2SG4ZxU7pump
2025-02-12 05:45:25,SELL,0.0,HBxzGZqQkhvzk6rGbUBGo472XLbdJad7514C2mmUpump
2025-02-12 05:47:27,BUY,0.00022,Dx8J2ePaQpyQL9vdjquxbP4iUW3azRzC2SG4ZxU7pump
2025-02-12 05:47:38,SELL,0.0,Dx8J2ePaQpyQL9vdjquxbP4iUW3azRzC2SG4ZxU7pump
2025-02-12 05:47:44,BUY,0.00015,Dx8J2ePaQpyQL9vdjquxbP4iUW3azRzC2SG4ZxU7pump
2025-02-12 05:48:08,SELL,0.00013,Dx8J2ePaQpyQL9vdjquxbP4iUW3azRzC2SG4ZxU7pump
2025-02-12 05:48:12,BUY,0.00011,Dx8J2ePaQpyQL9vdjquxbP4iUW3azRzC2SG4ZxU7pump
2025-02-12 05:48:31,SELL,0.00013,Dx8J2ePaQpyQL9vdjquxbP4iUW3azRzC2SG4ZxU7pump
2025-02-12 05:49:17,BUY,0.0,Dx8J2ePaQpyQL9vdjquxbP4iUW3azRzC2SG4ZxU7pump
2025-02-12 05:49:59,SELL,0.0,Dx8J2ePaQpyQL9vdjquxbP4iUW3azRzC2SG4ZxU7pump
2025-02-12 05:50:51,BUY,0.0,Dx8J2ePaQpyQL9vdjquxbP4iUW3azRzC2SG4ZxU7pump
2025-02-12 05:51:03,SELL,0.0,Dx8J2ePaQpyQL9vdjquxbP4iUW3azRzC2SG4ZxU7pump
2025-02-12 06:45:12,BUY,0.00568,KFTSxPQxDV1wGjEvzKHWD7mG6e9TsMVq4eF4mQppump
2025-02-12 06:47:25,BUY,0.00488,KFTSxPQxDV1wGjEvzKHWD7mG6e9TsMVq4eF4mQppump
2025-02-12 06:47:32,BUY,0.00518,KFTSxPQxDV1wGjEvzKHWD7mG6e9TsMVq4eF4mQppump
2025-02-12 06:48:39,SELL,0.0048,KFTSxPQxDV1wGjEvzKHWD7mG6e9TsMVq4eF4mQppump
2025-02-12 06:53:49,BUY,0.00436,KFTSxPQxDV1wGjEvzKHWD7mG6e9TsMVq4eF4mQppump
2025-02-12 07:50:21,BUY,0.0078,KFTSxPQxDV1wGjEvzKHWD7mG6e9TsMVq4eF4mQppump
2025-02-12 07:50:28,BUY,0.00842,KFTSxPQxDV1wGjEvzKHWD7mG6e9TsMVq4eF4mQppump
2025-02-12 07:52:10,BUY,0.00808,KFTSxPQxDV1wGjEvzKHWD7mG6e9TsMVq4eF4mQppump
2025-02-12 07:53:01,BUY,0.00863,KFTSxPQxDV1wGjEvzKHWD7mG6e9TsMVq4eF4mQppump
2025-02-12 07:53:06,BUY,0.00859,KFTSxPQxDV1wGjEvzKHWD7mG6e9TsMVq4eF4mQppump
2025-02-12 07:53:10,BUY,0.00872,KFTSxPQxDV1wGjEvzKHWD7mG6e9TsMVq4eF4mQppump
2025-02-12 07:56:05,BUY,0.00814,KFTSxPQxDV1wGjEvzKHWD7mG6e9TsMVq4eF4mQppump
2025-02-13 00:37:45,BUY,0.00688,KFTSxPQxDV1wGjEvzKHWD7mG6e9TsMVq4eF4mQppump
2025-02-13 00:38:18,SELL,0.00012,6duVhWPNFDaLzdsB3F8AxK27t12fwBhTpbJq51Prpump
2025-02-13 00:39:52,BUY,0.00767,KFTSxPQxDV1wGjEvzKHWD7mG6e9TsMVq4eF4mQppump
2025-02-13 00:40:49,BUY,0.0076,KFTSxPQxDV1wGjEvzKHWD7mG6e9TsMVq4eF4mQppump
2025-02-13 00:42:06,BUY,0.00776,KFTSxPQxDV1wGjEvzKHWD7mG6e9TsMVq4eF4mQppump
2025-02-13 00:50:04,BUY,0.05852,7oBYdEhV4GkXC19ZfgAvXpJWp2Rn9pm1Bx2cVNxFpump
2025-02-13 00:50:09,BUY,0.05809,7oBYdEhV4GkXC19ZfgAvXpJWp2Rn9pm1Bx2cVNxFpump
2025-02-13 00:51:18,BUY,0.06504,7oBYdEhV4GkXC19ZfgAvXpJWp2Rn9pm1Bx2cVNxFpump
2025-02-13 00:52:08,BUY,0.06199,7oBYdEhV4GkXC19ZfgAvXpJWp2Rn9pm1Bx2cVNxFpump
2025-02-13 00:52:16,BUY,0.00749,KFTSxPQxDV1wGjEvzKHWD7mG6e9TsMVq4eF4mQppump
2025-02-13 00:52:53,BUY,0.05437,7oBYdEhV4GkXC19ZfgAvXpJWp2Rn9pm1Bx2cVNxFpump
2025-02-13 00:53:18,BUY,0.05602,7oBYdEhV4GkXC19ZfgAvXpJWp2Rn9pm1Bx2cVNxFpump
2025-02-13 01:01:53,SELL,0.0512,7oBYdEhV4GkXC19ZfgAvXpJWp2Rn9pm1Bx2cVNxFpump
2025-02-13 01:02:27,BUY,0.00763,KFTSxPQxDV1wGjEvzKHWD7mG6e9TsMVq4eF4mQppump
2025-02-13 01:03:01,BUY,0.00764,KFTSxPQxDV1wGjEvzKHWD7mG6e9TsMVq4eF4mQppump
2025-02-13 01:04:00,SELL,0.04801,7oBYdEhV4GkXC19ZfgAvXpJWp2Rn9pm1Bx2cVNxFpump
2025-02-13 01:04:28,BUY,0.0504,7oBYdEhV4GkXC19ZfgAvXpJWp2Rn9pm1Bx2cVNxFpump
2025-02-13 01:05:12,BUY,0.00802,KFTSxPQxDV1wGjEvzKHWD7mG6e9TsMVq4eF4mQppump
2025-02-13 01:09:09,BUY,0.00799,KFTSxPQxDV1wGjEvzKHWD7mG6e9TsMVq4eF4mQppump
2025-02-13 01:09:59,BUY,0.05539,7oBYdEhV4GkXC19ZfgAvXpJWp2Rn9pm1Bx2cVNxFpump
2025-02-13 01:11:29,BUY,0.0001,8tGBPDgQkQvkY1DufP7rFW8n2rtkfEMS3iftsgvbpump
2025-02-13 01:12:12,SELL,0.0,8tGBPDgQkQvkY1DufP7rFW8n2rtkfEMS3iftsgvbpump
2025-02-13 01:15:41,SELL,0.05005,7oBYdEhV4GkXC19ZfgAvXpJWp2Rn9pm1Bx2cVNxFpump
2025-02-13 01:15:46,SELL,0.04942,7oBYdEhV4GkXC19ZfgAvXpJWp2Rn9pm1Bx2cVNxFpump
2025-02-13 01:21:43,BUY,0.00826,KFTSxPQxDV1wGjEvzKHWD7mG6e9TsMVq4eF4mQppump
2025-02-13 01:22:20,BUY,0.00012,BDTdzQhEdWaV63UtQVodVC2AQxpVm9sL12tHQ6w9pump
2025-02-13 01:22:43,SELL,0.0446,7oBYdEhV4GkXC19ZfgAvXpJWp2Rn9pm1Bx2cVNxFpump
2025-02-13 01:23:44,SELL,0.04359,7oBYdEhV4GkXC19ZfgAvXpJWp2Rn9pm1Bx2cVNxFpump
2025-02-13 01:24:00,SELL,0.04326,7oBYdEhV4GkXC19ZfgAvXpJWp2Rn9pm1Bx2cVNxFpump
2025-02-13 01:24:13,BUY,0.00891,KFTSxPQxDV1wGjEvzKHWD7mG6e9TsMVq4eF4mQppump
2025-02-13 01:24:37,BUY,0.0089,KFTSxPQxDV1wGjEvzKHWD7mG6e9TsMVq4eF4mQppump
2025-02-13 01:26:49,BUY,0.0089,KFTSxPQxDV1wGjEvzKHWD7mG6e9TsMVq4eF4mQppump
2025-02-13 01:27:38,BUY,0.00909,KFTSxPQxDV1wGjEvzKHWD7mG6e9TsMVq4eF4mQppump
2025-02-13 01:31:44,BUY,0.00875,KFTSxPQxDV1wGjEvzKHWD7mG6e9TsMVq4eF4mQppump
2025-02-13 01:33:00,BUY,0.0,8tGBPDgQkQvkY1DufP7rFW8n2rtkfEMS3iftsgvbpump
2025-02-13 01:33:57,SELL,0.0,8tGBPDgQkQvkY1DufP7rFW8n2rtkfEMS3iftsgvbpump
2025-02-13 01:35:55,BUY,0.00805,KFTSxPQxDV1wGjEvzKHWD7mG6e9TsMVq4eF4mQppump
2025-02-13 01:40:01,BUY,0.00888,KFTSxPQxDV1wGjEvzKHWD7mG6e9TsMVq4eF4mQppump
2025-02-13 01:51:35,BUY,0.00966,KFTSxPQxDV1wGjEvzKHWD7mG6e9TsMVq4eF4mQppump
2025-02-13 02:03:37,BUY,0.00039,F8eCzKVpU5BMomjYC2WmfUjpM3nK41HHu15qoZ9Fpump
2025-02-13 02:04:16,BUY,0.00038,F8eCzKVpU5BMomjYC2WmfUjpM3nK41HHu15qoZ9Fpump
2025-02-13 02:04:43,BUY,0.00032,F8eCzKVpU5BMomjYC2WmfUjpM3nK41HHu15qoZ9Fpump
2025-02-13 02:06:03,BUY,0.00026,F8eCzKVpU5BMomjYC2WmfUjpM3nK41HHu15qoZ9Fpump
2025-02-13 02:06:09,BUY,0.00027,F8eCzKVpU5BMomjYC2WmfUjpM3nK41HHu15qoZ9Fpump
2025-02-13 02:06:58,BUY,0.0002,F8eCzKVpU5BMomjYC2WmfUjpM3nK41HHu15qoZ9Fpump
2025-02-13 02:07:59,BUY,0.0,x3puMBjW6vdkqg5qwqD8f72tB8NnxCK1QM4gNa2pump
2025-02-13 02:08:18,BUY,0.0,x3puMBjW6vdkqg5qwqD8f72tB8NnxCK1QM4gNa2pump
2025-02-13 02:10:47,BUY,0.00018,F8eCzKVpU5BMomjYC2WmfUjpM3nK41HHu15qoZ9Fpump
2025-02-13 02:11:55,BUY,0.00015,F8eCzKVpU5BMomjYC2WmfUjpM3nK41HHu15qoZ9Fpump
2025-02-13 02:14:06,BUY,0.0002,F8eCzKVpU5BMomjYC2WmfUjpM3nK41HHu15qoZ9Fpump
2025-02-13 02:14:19,SELL,0.0,x3puMBjW6vdkqg5qwqD8f72tB8NnxCK1QM4gNa2pump
2025-02-13 02:14:24,BUY,0.00019,F8eCzKVpU5BMomjYC2WmfUjpM3nK41HHu15qoZ9Fpump
2025-02-13 02:14:33,SELL,0.00019,F8eCzKVpU5BMomjYC2WmfUjpM3nK41HHu15qoZ9Fpump
2025-02-13 02:21:53,SELL,0.0,F8eCzKVpU5BMomjYC2WmfUjpM3nK41HHu15qoZ9Fpump
2025-02-13 02:26:13,BUY,0.00014,F8eCzKVpU5BMomjYC2WmfUjpM3nK41HHu15qoZ9Fpump
2025-02-13 10:32:41,BUY,0.00055,CuscPSGwbY8ct4475NdixErBZXgnvhkpkURpvaMVpump
2025-02-13 10:32:42,BUY,0.00055,CuscPSGwbY8ct4475NdixErBZXgnvhkpkURpvaMVpump
2025-02-13 10:34:17,BUY,0.00051,CuscPSGwbY8ct4475NdixErBZXgnvhkpkURpvaMVpump
2025-02-13 10:36:22,SELL,0.00017,CuscPSGwbY8ct4475NdixErBZXgnvhkpkURpvaMVpump
2025-02-13 10:37:45,BUY,0.00021,CuscPSGwbY8ct4475NdixErBZXgnvhkpkURpvaMVpump
2025-02-13 10:38:02,BUY,0.00024,CuscPSGwbY8ct4475NdixErBZXgnvhkpkURpvaMVpump
2025-02-13 10:39:35,SELL,0.0,CuscPSGwbY8ct4475NdixErBZXgnvhkpkURpvaMVpump
2025-02-13 10:40:05,SELL,0.0,CuscPSGwbY8ct4475NdixErBZXgnvhkpkURpvaMVpump
2025-02-13 11:15:37,BUY,0.00241,G5e2XonmccmdKc98g3eNQe5oBYGw9m8xdMUvVtcZpump
2025-02-13 11:16:58,BUY,0.00252,G5e2XonmccmdKc98g3eNQe5oBYGw9m8xdMUvVtcZpump
2025-02-13 11:17:45,SELL,0.00338,G5e2XonmccmdKc98g3eNQe5oBYGw9m8xdMUvVtcZpump
2025-02-13 11:18:40,SELL,0.00359,G5e2XonmccmdKc98g3eNQe5oBYGw9m8xdMUvVtcZpump
2025-02-13 11:36:21,BUY,0.00169,G5e2XonmccmdKc98g3eNQe5oBYGw9m8xdMUvVtcZpump
2025-02-13 11:37:23,SELL,0.00131,G5e2XonmccmdKc98g3eNQe5oBYGw9m8xdMUvVtcZpump
2025-02-13 11:42:28,BUY,0.0017,G5e2XonmccmdKc98g3eNQe5oBYGw9m8xdMUvVtcZpump
2025-02-13 11:59:43,BUY,0.00282,G5e2XonmccmdKc98g3eNQe5oBYGw9m8xdMUvVtcZpump
2025-02-13 11:59:48,BUY,0.00337,G5e2XonmccmdKc98g3eNQe5oBYGw9m8xdMUvVtcZpump
2025-02-13 12:21:54,SELL,0.00368,G5e2XonmccmdKc98g3eNQe5oBYGw9m8xdMUvVtcZpump
2025-02-13 12:33:21,BUY,0.00456,G5e2XonmccmdKc98g3eNQe5oBYGw9m8xdMUvVtcZpump
2025-02-13 12:35:39,BUY,0.00495,G5e2XonmccmdKc98g3eNQe5oBYGw9m8xdMUvVtcZpump
2025-02-13 12:37:33,SELL,0.00423,G5e2XonmccmdKc98g3eNQe5oBYGw9m8xdMUvVtcZpump
2025-02-13 13:05:20,BUY,0.00639,KFTSxPQxDV1wGjEvzKHWD7mG6e9TsMVq4eF4mQppump
2025-02-13 13:06:23,BUY,0.00641,KFTSxPQxDV1wGjEvzKHWD7mG6e9TsMVq4eF4mQppump
2025-02-13 13:18:49,BUY,0.00847,KFTSxPQxDV1wGjEvzKHWD7mG6e9TsMVq4eF4mQppump
2025-02-13 13:43:12,BUY,0.00022,ZC7Mi1AVquGjL93VHRiMjrB87uLDyYScMU5ZACopump
2025-02-13 13:43:34,SELL,0.00788,KFTSxPQxDV1wGjEvzKHWD7mG6e9TsMVq4eF4mQppump
2025-02-13 13:44:16,BUY,0.00041,ZC7Mi1AVquGjL93VHRiMjrB87uLDyYScMU5ZACopump
2025-02-13 13:44:31,SELL,0.0,ZC7Mi1AVquGjL93VHRiMjrB87uLDyYScMU5ZACopump
2025-02-13 13:44:38,SELL,0.0,ZC7Mi1AVquGjL93VHRiMjrB87uLDyYScMU5ZACopump
2025-02-13 13:44:48,SELL,0.0,ZC7Mi1AVquGjL93VHRiMjrB87uLDyYScMU5ZACopump
2025-02-13 13:45:19,BUY,0.0,ZC7Mi1AVquGjL93VHRiMjrB87uLDyYScMU5ZACopump
2025-02-13 13:45:44,BUY,0.0,ZC7Mi1AVquGjL93VHRiMjrB87uLDyYScMU5ZACopump
2025-02-13 13:45:48,SELL,0.0,ZC7Mi1AVquGjL93VHRiMjrB87uLDyYScMU5ZACopump
2025-02-13 13:46:07,SELL,0.0,ZC7Mi1AVquGjL93VHRiMjrB87uLDyYScMU5ZACopump
2025-02-13 14:10:28,SELL,0.00793,KFTSxPQxDV1wGjEvzKHWD7mG6e9TsMVq4eF4mQppump
2025-02-13 15:06:22,BUY,0.06333,AshG5mHt4y4etsjhKFb2wA2rq1XZxKks1EPzcuXwpump
2025-02-13 15:06:44,BUY,0.05761,AshG5mHt4y4etsjhKFb2wA2rq1XZxKks1EPzcuXwpump
2025-02-13 15:06:46,BUY,0.0576,AshG5mHt4y4etsjhKFb2wA2rq1XZxKks1EPzcuXwpump
2025-02-13 15:06:47,BUY,0.0576,AshG5mHt4y4etsjhKFb2wA2rq1XZxKks1EPzcuXwpump
2025-02-13 15:08:46,SELL,0.06412,AshG5mHt4y4etsjhKFb2wA2rq1XZxKks1EPzcuXwpump
2025-02-13 15:09:40,BUY,0.05678,AshG5mHt4y4etsjhKFb2wA2rq1XZxKks1EPzcuXwpump
2025-02-13 15:09:43,BUY,0.05544,AshG5mHt4y4etsjhKFb2wA2rq1XZxKks1EPzcuXwpump
2025-02-13 15:10:03,BUY,0.0526,AshG5mHt4y4etsjhKFb2wA2rq1XZxKks1EPzcuXwpump
2025-02-13 15:10:52,SELL,0.05552,AshG5mHt4y4etsjhKFb2wA2rq1XZxKks1EPzcuXwpump
2025-02-13 15:13:48,BUY,0.0477,AshG5mHt4y4etsjhKFb2wA2rq1XZxKks1EPzcuXwpump
2025-02-13 15:13:50,SELL,0.0477,AshG5mHt4y4etsjhKFb2wA2rq1XZxKks1EPzcuXwpump
2025-02-13 15:13:57,BUY,0.04827,AshG5mHt4y4etsjhKFb2wA2rq1XZxKks1EPzcuXwpump
2025-02-13 15:15:20,SELL,0.05212,AshG5mHt4y4etsjhKFb2wA2rq1XZxKks1EPzcuXwpump
2025-02-13 15:16:58,BUY,0.05767,AshG5mHt4y4etsjhKFb2wA2rq1XZxKks1EPzcuXwpump
2025-02-13 15:19:23,BUY,0.05701,AshG5mHt4y4etsjhKFb2wA2rq1XZxKks1EPzcuXwpump
2025-02-13 15:19:50,SELL,0.06001,AshG5mHt4y4etsjhKFb2wA2rq1XZxKks1EPzcuXwpump
2025-02-13 15:20:29,BUY,0.05934,AshG5mHt4y4etsjhKFb2wA2rq1XZxKks1EPzcuXwpump
2025-02-13 15:21:22,BUY,0.00099,64GhPSS8P8wNaGWH2uysASxp9XYsqS3An3eJ3w5YNJK9
2025-02-13 15:24:16,SELL,0.05304,AshG5mHt4y4etsjhKFb2wA2rq1XZxKks1EPzcuXwpump
2025-02-13 15:24:20,SELL,0.05173,AshG5mHt4y4etsjhKFb2wA2rq1XZxKks1EPzcuXwpump
2025-02-13 15:35:09,BUY,0.04011,AshG5mHt4y4etsjhKFb2wA2rq1XZxKks1EPzcuXwpump
2025-02-13 15:37:04,BUY,0.03834,AshG5mHt4y4etsjhKFb2wA2rq1XZxKks1EPzcuXwpump
2025-02-13 15:37:25,BUY,0.0381,AshG5mHt4y4etsjhKFb2wA2rq1XZxKks1EPzcuXwpump
2025-02-13 15:41:04,BUY,0.03508,AshG5mHt4y4etsjhKFb2wA2rq1XZxKks1EPzcuXwpump
2025-02-13 15:41:26,BUY,0.03472,AshG5mHt4y4etsjhKFb2wA2rq1XZxKks1EPzcuXwpump
2025-02-13 15:44:33,BUY,0.03322,AshG5mHt4y4etsjhKFb2wA2rq1XZxKks1EPzcuXwpump
2025-02-13 15:52:40,SELL,0.04302,AshG5mHt4y4etsjhKFb2wA2rq1XZxKks1EPzcuXwpump
2025-02-13 15:52:49,SELL,0.04738,AshG5mHt4y4etsjhKFb2wA2rq1XZxKks1EPzcuXwpump
2025-02-13 15:53:09,BUY,0.04625,AshG5mHt4y4etsjhKFb2wA2rq1XZxKks1EPzcuXwpump
2025-02-13 15:55:05,BUY,0.05323,AshG5mHt4y4etsjhKFb2wA2rq1XZxKks1EPzcuXwpump
2025-02-13 15:55:06,BUY,0.0533,AshG5mHt4y4etsjhKFb2wA2rq1XZxKks1EPzcuXwpump
2025-02-13 15:55:44,BUY,0.05002,AshG5mHt4y4etsjhKFb2wA2rq1XZxKks1EPzcuXwpump
2025-02-13 15:56:14,BUY,0.05256,AshG5mHt4y4etsjhKFb2wA2rq1XZxKks1EPzcuXwpump
2025-02-13 16:06:34,BUY,0.04698,AshG5mHt4y4etsjhKFb2wA2rq1XZxKks1EPzcuXwpump
2025-02-13 16:10:02,SELL,0.03989,AshG5mHt4y4etsjhKFb2wA2rq1XZxKks1EPzcuXwpump
2025-02-13 16:18:49,BUY,0.03836,AshG5mHt4y4etsjhKFb2wA2rq1XZxKks1EPzcuXwpump
2025-02-13 16:18:50,SELL,0.03836,AshG5mHt4y4etsjhKFb2wA2rq1XZxKks1EPzcuXwpump
2025-02-13 16:21:06,BUY,0.03696,AshG5mHt4y4etsjhKFb2wA2rq1XZxKks1EPzcuXwpump
2025-02-13 16:49:03,BUY,0.04829,AshG5mHt4y4etsjhKFb2wA2rq1XZxKks1EPzcuXwpump
2025-02-13 16:49:30,BUY,0.05015,AshG5mHt4y4etsjhKFb2wA2rq1XZxKks1EPzcuXwpump
2025-02-13 16:51:22,BUY,0.04497,AshG5mHt4y4etsjhKFb2wA2rq1XZxKks1EPzcuXwpump
2025-02-13 16:54:57,BUY,0.00029,3B6u26WShBcnZiTUX8wjTHU1cvEQpqUt9uWbDA87pump
2025-02-13 16:59:54,SELL,0.00024,3B6u26WShBcnZiTUX8wjTHU1cvEQpqUt9uWbDA87pump
2025-02-13 17:00:02,SELL,0.00021,3B6u26WShBcnZiTUX8wjTHU1cvEQpqUt9uWbDA87pump
2025-02-13 17:00:05,SELL,0.00017,3B6u26WShBcnZiTUX8wjTHU1cvEQpqUt9uWbDA87pump
2025-02-13 17:00:09,SELL,0.00017,3B6u26WShBcnZiTUX8wjTHU1cvEQpqUt9uWbDA87pump
2025-02-13 17:06:41,BUY,0.0,ASqRWECZDrjEnhwGmvCnyVUERmVej7uHU4tAn8Mcpump
2025-02-13 17:09:15,BUY,0.0,ASqRWECZDrjEnhwGmvCnyVUERmVej7uHU4tAn8Mcpump
2025-02-13 17:11:32,BUY,0.0,ASqRWECZDrjEnhwGmvCnyVUERmVej7uHU4tAn8Mcpump
2025-02-13 17:11:49,BUY,0.0,ASqRWECZDrjEnhwGmvCnyVUERmVej7uHU4tAn8Mcpump
2025-02-13 17:12:26,SELL,0.0,ASqRWECZDrjEnhwGmvCnyVUERmVej7uHU4tAn8Mcpump
2025-02-13 17:16:41,SELL,0.00043,3B6u26WShBcnZiTUX8wjTHU1cvEQpqUt9uWbDA87pump
2025-02-13 17:16:46,SELL,0.0004,3B6u26WShBcnZiTUX8wjTHU1cvEQpqUt9uWbDA87pump
2025-02-13 17:17:58,SELL,0.00051,3B6u26WShBcnZiTUX8wjTHU1cvEQpqUt9uWbDA87pump
2025-02-13 17:18:06,SELL,0.00052,3B6u26WShBcnZiTUX8wjTHU1cvEQpqUt9uWbDA87pump
2025-02-13 17:18:19,SELL,0.00048,3B6u26WShBcnZiTUX8wjTHU1cvEQpqUt9uWbDA87pump
2025-02-13 17:26:22,SELL,0.0,ASqRWECZDrjEnhwGmvCnyVUERmVej7uHU4tAn8Mcpump
2025-02-13 17:48:47,BUY,0.02779,AshG5mHt4y4etsjhKFb2wA2rq1XZxKks1EPzcuXwpump
2025-02-13 17:48:56,BUY,0.02809,AshG5mHt4y4etsjhKFb2wA2rq1XZxKks1EPzcuXwpump
2025-02-13 17:49:57,BUY,0.0302,AshG5mHt4y4etsjhKFb2wA2rq1XZxKks1EPzcuXwpump
2025-02-13 18:07:53,BUY,0.0,edCbc4FXtZCro2G1Qx3XhfsCBbdMnVC17Si8mPPpump
2025-02-13 18:08:51,BUY,0.0,edCbc4FXtZCro2G1Qx3XhfsCBbdMnVC17Si8mPPpump
2025-02-13 19:10:42,BUY,0.00067,5nYBxt2csX4RpCjtjkMXzrRhhc8fXvvvmWGw9TJspump
2025-02-13 19:13:20,SELL,0.00058,5nYBxt2csX4RpCjtjkMXzrRhhc8fXvvvmWGw9TJspump
2025-02-13 19:14:03,BUY,0.00062,5nYBxt2csX4RpCjtjkMXzrRhhc8fXvvvmWGw9TJspump
2025-02-13 19:58:46,BUY,0.00017,2MH8ga3TuLvuvX2GUtVRS2BS8B9ujZo3bj5QeAkMpump
2025-02-13 19:59:15,SELL,0.00018,2MH8ga3TuLvuvX2GUtVRS2BS8B9ujZo3bj5QeAkMpump
2025-02-13 20:00:13,SELL,0.00018,2MH8ga3TuLvuvX2GUtVRS2BS8B9ujZo3bj5QeAkMpump
2025-02-13 20:00:39,SELL,0.00021,2MH8ga3TuLvuvX2GUtVRS2BS8B9ujZo3bj5QeAkMpump
2025-02-13 20:01:45,SELL,0.00016,2MH8ga3TuLvuvX2GUtVRS2BS8B9ujZo3bj5QeAkMpump
2025-02-13 20:02:37,BUY,0.00024,2MH8ga3TuLvuvX2GUtVRS2BS8B9ujZo3bj5QeAkMpump
2025-02-13 20:02:39,BUY,0.00024,2MH8ga3TuLvuvX2GUtVRS2BS8B9ujZo3bj5QeAkMpump
2025-02-13 20:02:45,BUY,0.00025,2MH8ga3TuLvuvX2GUtVRS2BS8B9ujZo3bj5QeAkMpump
2025-02-13 20:03:43,SELL,0.00022,2MH8ga3TuLvuvX2GUtVRS2BS8B9ujZo3bj5QeAkMpump
2025-02-13 20:20:36,SELL,0.00016,2MH8ga3TuLvuvX2GUtVRS2BS8B9ujZo3bj5QeAkMpump
2025-02-14 00:34:37,BUY,0.00021,BvzrTfBiy8rQF5cfnxqrmbnF8GZf7DnNDP72DrFZpump
2025-02-14 00:37:25,SELL,0.00012,BvzrTfBiy8rQF5cfnxqrmbnF8GZf7DnNDP72DrFZpump
2025-02-14 02:07:28,BUY,0.00029,BvzrTfBiy8rQF5cfnxqrmbnF8GZf7DnNDP72DrFZpump
2025-02-14 02:13:12,BUY,0.00032,BvzrTfBiy8rQF5cfnxqrmbnF8GZf7DnNDP72DrFZpump
2025-02-14 02:31:59,SELL,0.00055,BvzrTfBiy8rQF5cfnxqrmbnF8GZf7DnNDP72DrFZpump
2025-02-14 02:32:35,SELL,0.00052,BvzrTfBiy8rQF5cfnxqrmbnF8GZf7DnNDP72DrFZpump
2025-02-14 02:33:40,BUY,0.00056,BvzrTfBiy8rQF5cfnxqrmbnF8GZf7DnNDP72DrFZpump
2025-02-14 02:34:10,SELL,0.00072,BvzrTfBiy8rQF5cfnxqrmbnF8GZf7DnNDP72DrFZpump
2025-02-14 02:35:27,BUY,0.00073,BvzrTfBiy8rQF5cfnxqrmbnF8GZf7DnNDP72DrFZpump
2025-02-14 02:38:43,BUY,0.00094,BvzrTfBiy8rQF5cfnxqrmbnF8GZf7DnNDP72DrFZpump
2025-02-14 02:39:23,BUY,0.00087,BvzrTfBiy8rQF5cfnxqrmbnF8GZf7DnNDP72DrFZpump
2025-02-14 02:39:31,BUY,0.00086,BvzrTfBiy8rQF5cfnxqrmbnF8GZf7DnNDP72DrFZpump
2025-02-14 02:40:46,SELL,0.0009,BvzrTfBiy8rQF5cfnxqrmbnF8GZf7DnNDP72DrFZpump
2025-02-14 02:44:02,BUY,0.00232,DNDQAAVhMkgRP8XY22AJnhRsyL4nGfDQS7UHECKipump
2025-02-14 02:44:32,BUY,0.00195,DNDQAAVhMkgRP8XY22AJnhRsyL4nGfDQS7UHECKipump
2025-02-14 02:45:01,BUY,0.00289,DNDQAAVhMkgRP8XY22AJnhRsyL4nGfDQS7UHECKipump
2025-02-14 02:45:44,BUY,0.00213,DNDQAAVhMkgRP8XY22AJnhRsyL4nGfDQS7UHECKipump
2025-02-14 02:46:43,BUY,0.00185,DNDQAAVhMkgRP8XY22AJnhRsyL4nGfDQS7UHECKipump
2025-02-14 02:46:52,SELL,0.00201,DNDQAAVhMkgRP8XY22AJnhRsyL4nGfDQS7UHECKipump
2025-02-14 02:47:21,BUY,0.00145,DNDQAAVhMkgRP8XY22AJnhRsyL4nGfDQS7UHECKipump
2025-02-14 02:47:22,BUY,0.00145,DNDQAAVhMkgRP8XY22AJnhRsyL4nGfDQS7UHECKipump
2025-02-14 02:48:57,SELL,0.00184,DNDQAAVhMkgRP8XY22AJnhRsyL4nGfDQS7UHECKipump
2025-02-14 02:49:02,SELL,0.00204,DNDQAAVhMkgRP8XY22AJnhRsyL4nGfDQS7UHECKipump
2025-02-14 02:49:12,SELL,0.00194,DNDQAAVhMkgRP8XY22AJnhRsyL4nGfDQS7UHECKipump
2025-02-14 02:49:23,BUY,0.00177,DNDQAAVhMkgRP8XY22AJnhRsyL4nGfDQS7UHECKipump
2025-02-14 02:50:11,BUY,0.00169,DNDQAAVhMkgRP8XY22AJnhRsyL4nGfDQS7UHECKipump
2025-02-14 02:50:52,SELL,0.00187,DNDQAAVhMkgRP8XY22AJnhRsyL4nGfDQS7UHECKipump
2025-02-14 02:51:11,SELL,0.00057,BvzrTfBiy8rQF5cfnxqrmbnF8GZf7DnNDP72DrFZpump
2025-02-14 02:51:32,SELL,0.00219,DNDQAAVhMkgRP8XY22AJnhRsyL4nGfDQS7UHECKipump
2025-02-14 02:53:02,SELL,0.00065,BvzrTfBiy8rQF5cfnxqrmbnF8GZf7DnNDP72DrFZpump
2025-02-14 02:53:58,SELL,0.00065,BvzrTfBiy8rQF5cfnxqrmbnF8GZf7DnNDP72DrFZpump
2025-02-14 02:54:05,SELL,0.00064,BvzrTfBiy8rQF5cfnxqrmbnF8GZf7DnNDP72DrFZpump
2025-02-14 02:54:13,BUY,0.00065,BvzrTfBiy8rQF5cfnxqrmbnF8GZf7DnNDP72DrFZpump
2025-02-14 02:55:13,SELL,0.0009,DNDQAAVhMkgRP8XY22AJnhRsyL4nGfDQS7UHECKipump
2025-02-14 02:58:20,SELL,0.00061,BvzrTfBiy8rQF5cfnxqrmbnF8GZf7DnNDP72DrFZpump
2025-02-14 02:59:07,BUY,0.00069,BvzrTfBiy8rQF5cfnxqrmbnF8GZf7DnNDP72DrFZpump
2025-02-14 02:59:14,BUY,0.00068,BvzrTfBiy8rQF5cfnxqrmbnF8GZf7DnNDP72DrFZpump
2025-02-14 03:01:35,BUY,0.00081,BvzrTfBiy8rQF5cfnxqrmbnF8GZf7DnNDP72DrFZpump
2025-02-14 03:02:19,BUY,0.00088,BvzrTfBiy8rQF5cfnxqrmbnF8GZf7DnNDP72DrFZpump
2025-02-14 03:05:34,SELL,0.00074,BvzrTfBiy8rQF5cfnxqrmbnF8GZf7DnNDP72DrFZpump
2025-02-14 03:05:38,SELL,0.00071,BvzrTfBiy8rQF5cfnxqrmbnF8GZf7DnNDP72DrFZpump
2025-02-14 03:07:17,BUY,0.00018,CJkHjbe6a1Q726g3fTN4eZCky7u96scaKTVqgbSZpump
2025-02-14 03:07:42,SELL,0.00014,CJkHjbe6a1Q726g3fTN4eZCky7u96scaKTVqgbSZpump
2025-02-14 03:09:14,BUY,0.00017,CJkHjbe6a1Q726g3fTN4eZCky7u96scaKTVqgbSZpump
2025-02-14 03:09:22,BUY,0.00019,CJkHjbe6a1Q726g3fTN4eZCky7u96scaKTVqgbSZpump
2025-02-14 03:10:26,SELL,0.00017,CJkHjbe6a1Q726g3fTN4eZCky7u96scaKTVqgbSZpump
2025-02-14 03:25:08,SELL,0.00362,D13VkjDiCxtgRJsH4s1VCxKS4bFZq5UEz2iRsSbapump
2025-02-14 03:25:39,BUY,0.00046,85pBxVW9R9cyoQmL9npMCKf5tCAqST52aA3p1SQ9uMwc
2025-02-14 03:25:40,SELL,0.00046,B8pn5VTcQ7MFjnpTbz5utiYZswz6BL6wPkujnQMbCoU8
2025-02-14 03:25:45,BUY,0.00019,B8pn5VTcQ7MFjnpTbz5utiYZswz6BL6wPkujnQMbCoU8
2025-02-14 03:25:51,BUY,0.00019,85pBxVW9R9cyoQmL9npMCKf5tCAqST52aA3p1SQ9uMwc
2025-02-14 03:26:01,BUY,0.00023,85pBxVW9R9cyoQmL9npMCKf5tCAqST52aA3p1SQ9uMwc
2025-02-14 03:26:14,BUY,0.00027,85pBxVW9R9cyoQmL9npMCKf5tCAqST52aA3p1SQ9uMwc
2025-02-14 03:26:18,BUY,0.00024,85pBxVW9R9cyoQmL9npMCKf5tCAqST52aA3p1SQ9uMwc
2025-02-14 03:26:48,BUY,0.00013,85pBxVW9R9cyoQmL9npMCKf5tCAqST52aA3p1SQ9uMwc
2025-02-14 03:27:15,BUY,0.00196,85pBxVW9R9cyoQmL9npMCKf5tCAqST52aA3p1SQ9uMwc
2025-02-14 03:27:16,SELL,0.00196,B8pn5VTcQ7MFjnpTbz5utiYZswz6BL6wPkujnQMbCoU8
2025-02-14 03:28:25,SELL,0.00057,BvzrTfBiy8rQF5cfnxqrmbnF8GZf7DnNDP72DrFZpump
2025-02-14 03:29:07,SELL,0.00095,B8pn5VTcQ7MFjnpTbz5utiYZswz6BL6wPkujnQMbCoU8
2025-02-14 03:29:16,SELL,0.0,85pBxVW9R9cyoQmL9npMCKf5tCAqST52aA3p1SQ9uMwc
2025-02-14 03:30:35,BUY,0.00011,85pBxVW9R9cyoQmL9npMCKf5tCAqST52aA3p1SQ9uMwc
2025-02-14 03:32:10,SELL,0.0,85pBxVW9R9cyoQmL9npMCKf5tCAqST52aA3p1SQ9uMwc
2025-02-14 03:33:22,SELL,0.00137,B8pn5VTcQ7MFjnpTbz5utiYZswz6BL6wPkujnQMbCoU8
2025-02-14 03:33:49,BUY,0.00138,BvzrTfBiy8rQF5cfnxqrmbnF8GZf7DnNDP72DrFZpump
2025-02-14 03:33:52,BUY,0.00138,BvzrTfBiy8rQF5cfnxqrmbnF8GZf7DnNDP72DrFZpump
2025-02-14 03:34:52,BUY,0.00168,BvzrTfBiy8rQF5cfnxqrmbnF8GZf7DnNDP72DrFZpump
2025-02-14 03:35:18,BUY,0.00209,BvzrTfBiy8rQF5cfnxqrmbnF8GZf7DnNDP72DrFZpump
2025-02-14 03:35:22,SELL,0.00203,85pBxVW9R9cyoQmL9npMCKf5tCAqST52aA3p1SQ9uMwc
2025-02-14 03:35:24,BUY,0.00203,BvzrTfBiy8rQF5cfnxqrmbnF8GZf7DnNDP72DrFZpump
2025-02-14 03:35:46,SELL,0.00307,BvzrTfBiy8rQF5cfnxqrmbnF8GZf7DnNDP72DrFZpump
2025-02-14 03:36:08,SELL,0.00371,BvzrTfBiy8rQF5cfnxqrmbnF8GZf7DnNDP72DrFZpump
2025-02-14 03:36:46,BUY,0.00276,BvzrTfBiy8rQF5cfnxqrmbnF8GZf7DnNDP72DrFZpump
2025-02-14 03:36:57,BUY,0.0026,BvzrTfBiy8rQF5cfnxqrmbnF8GZf7DnNDP72DrFZpump
2025-02-14 03:37:01,SELL,0.00269,BvzrTfBiy8rQF5cfnxqrmbnF8GZf7DnNDP72DrFZpump
2025-02-14 03:37:13,SELL,0.0,85pBxVW9R9cyoQmL9npMCKf5tCAqST52aA3p1SQ9uMwc
2025-02-14 03:37:27,BUY,0.00241,BvzrTfBiy8rQF5cfnxqrmbnF8GZf7DnNDP72DrFZpump
2025-02-14 03:37:31,BUY,0.00216,BvzrTfBiy8rQF5cfnxqrmbnF8GZf7DnNDP72DrFZpump
2025-02-14 03:37:36,BUY,0.00208,BvzrTfBiy8rQF5cfnxqrmbnF8GZf7DnNDP72DrFZpump
2025-02-14 03:37:44,BUY,0.00205,BvzrTfBiy8rQF5cfnxqrmbnF8GZf7DnNDP72DrFZpump
2025-02-14 03:38:14,SELL,0.00254,BvzrTfBiy8rQF5cfnxqrmbnF8GZf7DnNDP72DrFZpump
2025-02-14 03:38:21,SELL,0.00238,BvzrTfBiy8rQF5cfnxqrmbnF8GZf7DnNDP72DrFZpump
2025-02-14 03:38:33,SELL,0.00233,BvzrTfBiy8rQF5cfnxqrmbnF8GZf7DnNDP72DrFZpump
2025-02-14 03:38:48,BUY,0.00202,BvzrTfBiy8rQF5cfnxqrmbnF8GZf7DnNDP72DrFZpump
2025-02-14 03:39:08,BUY,0.00133,BvzrTfBiy8rQF5cfnxqrmbnF8GZf7DnNDP72DrFZpump
2025-02-14 03:39:28,BUY,0.00152,BvzrTfBiy8rQF5cfnxqrmbnF8GZf7DnNDP72DrFZpump
2025-02-14 03:39:49,BUY,0.0016,BvzrTfBiy8rQF5cfnxqrmbnF8GZf7DnNDP72DrFZpump
2025-02-14 03:40:09,SELL,0.00179,BvzrTfBiy8rQF5cfnxqrmbnF8GZf7DnNDP72DrFZpump
2025-02-14 03:40:25,SELL,0.00155,BvzrTfBiy8rQF5cfnxqrmbnF8GZf7DnNDP72DrFZpump
2025-02-14 03:40:58,BUY,0.00146,BvzrTfBiy8rQF5cfnxqrmbnF8GZf7DnNDP72DrFZpump
2025-02-14 03:41:03,SELL,0.00131,BvzrTfBiy8rQF5cfnxqrmbnF8GZf7DnNDP72DrFZpump
2025-02-14 03:41:17,BUY,0.00123,BvzrTfBiy8rQF5cfnxqrmbnF8GZf7DnNDP72DrFZpump
2025-02-14 03:41:39,SELL,0.00115,BvzrTfBiy8rQF5cfnxqrmbnF8GZf7DnNDP72DrFZpump
2025-02-14 03:41:50,BUY,0.0,2aFuLnegSoudn7eWeGjht2bHpgs8nZtEqQkacwNipump
2025-02-14 03:42:02,SELL,0.00132,BvzrTfBiy8rQF5cfnxqrmbnF8GZf7DnNDP72DrFZpump
2025-02-14 03:42:04,SELL,0.00132,BvzrTfBiy8rQF5cfnxqrmbnF8GZf7DnNDP72DrFZpump
2025-02-14 03:42:11,SELL,0.00131,BvzrTfBiy8rQF5cfnxqrmbnF8GZf7DnNDP72DrFZpump
2025-02-14 03:42:28,SELL,0.00119,BvzrTfBiy8rQF5cfnxqrmbnF8GZf7DnNDP72DrFZpump
2025-02-14 03:42:48,BUY,0.00101,BvzrTfBiy8rQF5cfnxqrmbnF8GZf7DnNDP72DrFZpump
2025-02-14 03:42:56,SELL,0.00108,BvzrTfBiy8rQF5cfnxqrmbnF8GZf7DnNDP72DrFZpump
2025-02-14 03:43:15,SELL,0.00098,BvzrTfBiy8rQF5cfnxqrmbnF8GZf7DnNDP72DrFZpump
2025-02-14 03:43:40,BUY,0.0,2aFuLnegSoudn7eWeGjht2bHpgs8nZtEqQkacwNipump
2025-02-14 03:44:17,SELL,0.00122,BvzrTfBiy8rQF5cfnxqrmbnF8GZf7DnNDP72DrFZpump
2025-02-14 03:44:32,SELL,0.0014,BvzrTfBiy8rQF5cfnxqrmbnF8GZf7DnNDP72DrFZpump
2025-02-14 03:44:38,BUY,0.0014,BvzrTfBiy8rQF5cfnxqrmbnF8GZf7DnNDP72DrFZpump
2025-02-14 03:46:14,SELL,0.0008,BvzrTfBiy8rQF5cfnxqrmbnF8GZf7DnNDP72DrFZpump
2025-02-14 03:46:40,BUY,0.00785,D13VkjDiCxtgRJsH4s1VCxKS4bFZq5UEz2iRsSbapump
2025-02-14 03:48:09,SELL,0.00818,D13VkjDiCxtgRJsH4s1VCxKS4bFZq5UEz2iRsSbapump
2025-02-14 03:48:55,SELL,0.0,2aFuLnegSoudn7eWeGjht2bHpgs8nZtEqQkacwNipump
2025-02-14 03:49:28,BUY,0.00069,BvzrTfBiy8rQF5cfnxqrmbnF8GZf7DnNDP72DrFZpump
2025-02-14 03:49:34,BUY,0.0,9akoJjJ5dG4bCBwnjHnaQvYMv1nnmzTFVGgNNofypump
2025-02-14 03:52:07,BUY,0.00048,BvzrTfBiy8rQF5cfnxqrmbnF8GZf7DnNDP72DrFZpump
2025-02-14 03:52:46,BUY,0.01518,D13VkjDiCxtgRJsH4s1VCxKS4bFZq5UEz2iRsSbapump
2025-02-14 03:53:47,BUY,0.00062,BvzrTfBiy8rQF5cfnxqrmbnF8GZf7DnNDP72DrFZpump
2025-02-14 03:54:14,SELL,0.00058,BvzrTfBiy8rQF5cfnxqrmbnF8GZf7DnNDP72DrFZpump
2025-02-14 03:55:07,BUY,0.0007,BvzrTfBiy8rQF5cfnxqrmbnF8GZf7DnNDP72DrFZpump
2025-02-14 03:55:14,BUY,0.00069,BvzrTfBiy8rQF5cfnxqrmbnF8GZf7DnNDP72DrFZpump
2025-02-14 03:55:36,BUY,0.00078,BvzrTfBiy8rQF5cfnxqrmbnF8GZf7DnNDP72DrFZpump
2025-02-14 03:55:41,BUY,0.01219,D13VkjDiCxtgRJsH4s1VCxKS4bFZq5UEz2iRsSbapump
2025-02-14 03:56:15,SELL,0.00076,BvzrTfBiy8rQF5cfnxqrmbnF8GZf7DnNDP72DrFZpump
2025-02-14 03:58:36,SELL,0.00092,BvzrTfBiy8rQF5cfnxqrmbnF8GZf7DnNDP72DrFZpump
2025-02-14 03:59:50,BUY,0.01446,D13VkjDiCxtgRJsH4s1VCxKS4bFZq5UEz2iRsSbapump
2025-02-14 04:00:07,SELL,0.00064,BvzrTfBiy8rQF5cfnxqrmbnF8GZf7DnNDP72DrFZpump
2025-02-14 04:00:41,BUY,0.00062,BvzrTfBiy8rQF5cfnxqrmbnF8GZf7DnNDP72DrFZpump
2025-02-14 04:03:32,SELL,0.0,85pBxVW9R9cyoQmL9npMCKf5tCAqST52aA3p1SQ9uMwc
2025-02-14 04:05:11,BUY,0.0,uuUHtKq8a3mJDNdVzV33MDHKuSJLEUrM9gtLnhmpump
2025-02-14 04:06:44,BUY,0.01877,D13VkjDiCxtgRJsH4s1VCxKS4bFZq5UEz2iRsSbapump
2025-02-14 04:07:12,BUY,0.00068,BvzrTfBiy8rQF5cfnxqrmbnF8GZf7DnNDP72DrFZpump
2025-02-14 04:08:17,BUY,0.0,uuUHtKq8a3mJDNdVzV33MDHKuSJLEUrM9gtLnhmpump
2025-02-14 04:08:58,SELL,0.0,uuUHtKq8a3mJDNdVzV33MDHKuSJLEUrM9gtLnhmpump
2025-02-14 04:10:04,SELL,0.0,uuUHtKq8a3mJDNdVzV33MDHKuSJLEUrM9gtLnhmpump
2025-02-14 04:10:23,SELL,0.00079,BvzrTfBiy8rQF5cfnxqrmbnF8GZf7DnNDP72DrFZpump
2025-02-14 04:13:33,BUY,0.0,uuUHtKq8a3mJDNdVzV33MDHKuSJLEUrM9gtLnhmpump
2025-02-14 04:15:57,SELL,0.02187,D13VkjDiCxtgRJsH4s1VCxKS4bFZq5UEz2iRsSbapump
2025-02-14 04:16:24,SELL,0.00132,BvzrTfBiy8rQF5cfnxqrmbnF8GZf7DnNDP72DrFZpump
2025-02-14 04:16:58,BUY,0.02505,D13VkjDiCxtgRJsH4s1VCxKS4bFZq5UEz2iRsSbapump
2025-02-14 04:30:58,SELL,0.0156,D13VkjDiCxtgRJsH4s1VCxKS4bFZq5UEz2iRsSbapump
2025-02-14 04:31:59,BUY,0.01367,D13VkjDiCxtgRJsH4s1VCxKS4bFZq5UEz2iRsSbapump
2025-02-14 04:32:12,BUY,0.01376,D13VkjDiCxtgRJsH4s1VCxKS4bFZq5UEz2iRsSbapump
2025-02-14 04:40:33,SELL,0.01341,D13VkjDiCxtgRJsH4s1VCxKS4bFZq5UEz2iRsSbapump
2025-02-14 05:46:15,BUY,0.00231,GcdQJq2FBHJbw2fRzZC3B22WDQw9RPCSkEEkKjdanxz5
2025-02-14 05:46:31,SELL,0.00385,GcdQJq2FBHJbw2fRzZC3B22WDQw9RPCSkEEkKjdanxz5
2025-02-14 05:46:35,SELL,0.00306,GcdQJq2FBHJbw2fRzZC3B22WDQw9RPCSkEEkKjdanxz5
2025-02-14 05:52:50,SELL,0.0017,GcdQJq2FBHJbw2fRzZC3B22WDQw9RPCSkEEkKjdanxz5
2025-02-14 06:09:28,SELL,0.00065,AuWjAinLXE3RTcomdvCcpyPwhsXAaM8XHFbepvmrpump
